기준_날짜,기준_시,기온(℃),강수량(mm),풍속(m/s),습도(%),불쾌지수,적설(cm)
2023-01-07,0,1.0,2.9,1.3,95,-1217.3400000000001,3.6
2023-01-07,1,1.2,0.0,1.7,94,-1185.256,3.6
2023-01-07,2,1.2,0.0,0.7,95,-1198.368,3.6
2023-01-07,3,1.6,0.0,1.0,94,-1147.708,3.6
2023-01-07,4,2.2,0.0,2.0,96,-1115.63,3.6
2023-01-07,5,2.0,0.0,2.9,98,-1159.44,3.6
2023-01-07,6,1.8,0.1,3.1,97,-1166.488,3.6
2023-01-07,7,1.8,0.0,2.8,97,-1166.488,3.6
2023-01-07,8,1.6,0.0,3.5,92,-1122.276,3.6
2023-01-07,9,1.6,0.0,2.4,90,-1096.844,3.6
2023-01-07,10,1.7,0.0,2.9,88,-1062.6190000000001,3.6
2023-01-07,11,2.0,0.0,3.7,84,-986.96,3.6
2023-01-07,12,2.4,0.0,3.2,75,-846.056,3.6
2023-01-07,13,3.1,0.0,2.9,71,-748.59,3.6
2023-01-07,14,3.4,0.0,3.7,68,-694.458,3.6
2023-01-07,15,3.7,0.0,3.1,66,-652.745,3.6
2023-01-07,16,3.7,0.0,2.3,66,-652.745,3.6
2023-01-07,17,2.9,0.0,2.5,68,-728.523,3.6
2023-01-07,18,2.0,0.0,1.5,71,-826.8,3.6
2023-01-07,19,1.1,0.0,1.1,74,-930.4230000000001,3.6
2023-01-07,20,0.5,0.0,1.4,78,-1030.085,3.6
2023-01-07,21,0.2,0.0,1.9,82,-1109.9020000000003,3.6
2023-01-07,22,0.1,0.0,2.4,68,-919.2870000000001,3.6
2023-01-07,23,-0.9,0.0,1.0,68,-987.417,3.6
2023-01-16,0,-3.5,0.0,2.7,91,-1573.15,0.3
2023-01-16,1,-3.6,0.0,2.8,90,-1564.3760000000002,0.3
2023-01-16,2,-3.8,0.0,2.7,87,-1528.1720000000003,0.3
2023-01-16,3,-4.1,0.0,2.8,85,-1517.5360000000003,0.3
2023-01-16,4,-4.3,0.0,2.4,85,-1534.5280000000002,0.3
2023-01-16,5,-4.7,0.0,2.8,84,-1549.5590000000002,0.3
2023-01-16,6,-5.0,0.0,2.7,83,-1555.5,0.3
2023-01-16,7,-5.4,0.0,4.2,78,-1490.462,0.3
2023-01-16,8,-6.2,0.0,3.5,71,-1409.82,0.3
2023-01-16,9,-6.7,0.0,3.3,64,-1298.8390000000002,0.3
2023-01-16,10,-6.0,0.0,3.5,60,-1172.96,0.3
2023-01-16,11,-4.9,0.0,3.1,57,-1049.276,0.3
2023-01-16,12,-4.0,0.0,3.2,53,-924.7200000000001,0.3
2023-01-16,13,-2.5,0.0,2.8,53,-844.8000000000001,0.3
2023-01-16,14,-1.6,0.0,2.1,49,-733.312,0.3
2023-01-16,15,-1.7,0.0,3.1,48,-722.261,0.3
2023-01-16,16,-1.8,0.0,3.0,46,-694.9300000000002,0.3
2023-01-16,17,-2.4,0.0,2.9,45,-706.0640000000002,0.3
2023-01-16,18,-3.8,0.0,2.5,52,-896.0020000000002,0.3
2023-01-16,19,-4.4,0.0,1.9,55,-983.344,0.3
2023-01-16,20,-4.9,0.0,1.8,57,-1049.276,0.3
2023-01-16,21,-5.4,0.0,1.5,60,-1136.834,0.3
2023-01-16,22,-5.6,0.0,2.4,60,-1148.876,0.3
2023-01-16,23,-5.4,0.0,2.5,54,-1018.9580000000001,0.3
2023-01-27,0,-5.5,0.0,1.5,77,-1478.5200000000002,1.7
2023-01-27,1,-6.0,0.0,1.6,77,-1517.04,1.7
2023-01-27,2,-6.7,0.0,1.8,79,-1612.8340000000003,1.7
2023-01-27,3,-6.7,0.0,3.3,79,-1612.8340000000003,1.7
2023-01-27,4,-7.3,0.0,2.3,79,-1660.2460000000003,1.7
2023-01-27,5,-7.5,0.0,2.2,78,-1654.325,1.7
2023-01-27,6,-8.2,0.0,1.2,80,-1753.782,1.7
2023-01-27,7,-8.6,0.0,1.5,81,-1808.6000000000001,1.7
2023-01-27,8,-8.7,0.0,3.2,70,-1564.6570000000002,1.7
2023-01-27,9,-8.3,0.0,3.2,62,-1356.477,1.7
2023-01-27,10,-7.6,0.0,5.4,52,-1094.7040000000002,1.7
2023-01-27,11,-7.2,0.0,5.0,50,-1030.9320000000002,1.7
2023-01-27,12,-6.4,0.0,5.7,44,-866.8680000000002,1.7
2023-01-27,13,-5.0,0.0,5.7,39,-708.5000000000001,1.7
2023-01-27,14,-4.3,0.0,6.1,38,-662.349,1.7
2023-01-27,15,-4.2,0.0,4.9,38,-658.5060000000001,1.7
2023-01-27,16,-4.4,0.0,5.8,39,-684.8480000000001,1.7
2023-01-27,17,-5.2,0.0,5.1,38,-696.936,1.7
2023-01-27,18,-6.6,0.0,5.0,42,-834.074,1.7
2023-01-27,19,-7.4,0.0,3.1,46,-954.4900000000002,1.7
2023-01-27,20,-8.0,0.0,4.1,49,-1048.96,1.7
2023-01-27,21,-8.5,0.0,2.2,51,-1119.05,1.7
2023-01-27,22,-9.0,0.0,2.1,53,-1191.1200000000001,1.7
2023-01-27,23,-9.3,0.0,2.1,54,-1230.611,1.7
2023-12-20,0,-2.1,0.3,2.3,90,-1429.5110000000002,0.9
2023-12-20,1,-3.2,0.0,3.2,91,-1545.8800000000003,0.9
2023-12-20,2,-3.8,0.0,2.7,84,-1473.9860000000003,0.9
2023-12-20,3,-4.5,0.8,3.2,81,-1476.5,0.9
2023-12-20,4,-5.4,0.0,2.2,78,-1490.462,0.9
2023-12-20,5,-6.0,0.0,2.1,77,-1517.04,0.9
2023-12-20,6,-6.5,0.0,4.5,71,-1431.15,0.9
2023-12-20,7,-6.9,0.0,3.5,69,-1417.3280000000004,0.9
2023-12-20,8,-7.4,0.0,2.8,71,-1495.1399999999999,0.9
2023-12-20,9,-7.3,0.0,3.9,70,-1466.5030000000002,0.9
2023-12-20,10,-6.9,0.0,3.5,65,-1332.8040000000003,0.9
2023-12-20,11,-6.3,0.0,3.5,60,-1191.0230000000001,0.9
2023-12-20,12,-5.8,0.0,3.4,58,-1120.834,0.9
2023-12-20,13,-6.3,0.0,3.7,57,-1129.4120000000003,0.9
2023-12-20,14,-5.0,0.0,4.6,52,-958.75,0.9
2023-12-20,15,-5.2,0.0,3.7,51,-949.7600000000001,0.9
2023-12-20,16,-6.2,0.0,4.0,53,-1041.9360000000001,0.9
2023-12-20,17,-7.1,0.0,3.6,53,-1089.8880000000001,0.9
2023-12-20,18,-8.1,0.0,2.9,53,-1143.168,0.9
2023-12-20,19,-8.9,0.0,3.5,57,-1278.236,0.9
2023-12-20,20,-9.5,0.0,3.7,61,-1407.3999999999999,0.9
2023-12-20,21,-10.0,0.0,3.1,65,-1534.8000000000002,0.9
2023-12-20,22,-10.7,0.0,3.5,62,-1505.7330000000002,0.9
2023-12-20,23,-11.4,0.0,3.7,62,-1549.266,0.9
2023-12-21,0,-11.9,0.0,3.0,64,-1632.5230000000004,0.5
2023-12-21,1,-12.0,0.0,4.0,64,-1638.9400000000003,0.5
2023-12-21,2,-12.3,0.0,2.4,64,-1658.1910000000005,0.5
2023-12-21,3,-12.5,0.0,2.2,66,-1724.375,0.5
2023-12-21,4,-13.2,0.0,3.7,64,-1715.9440000000002,0.5
2023-12-21,5,-13.5,0.0,2.5,64,-1735.1950000000002,0.5
2023-12-21,6,-13.9,0.0,3.3,62,-1704.741,0.5
2023-12-21,7,-14.3,0.0,2.0,63,-1758.074,0.5
2023-12-21,8,-14.3,0.0,3.8,64,-1786.5310000000004,0.5
2023-12-21,9,-13.8,0.0,2.5,64,-1754.4460000000004,0.5
2023-12-21,10,-12.7,0.0,3.9,60,-1576.367,0.5
2023-12-21,11,-12.5,0.0,4.8,54,-1404.275,0.5
2023-12-21,12,-11.2,0.0,3.2,48,-1181.396,0.5
2023-12-21,13,-10.4,0.0,2.5,47,-1118.136,0.5
2023-12-21,14,-9.6,0.0,3.0,46,-1056.4600000000003,0.5
2023-12-21,15,-8.6,0.0,2.4,44,-964.4820000000002,0.5
2023-12-21,16,-8.5,0.0,3.5,45,-982.76,0.5
2023-12-21,17,-9.2,0.0,3.0,47,-1061.328,0.5
2023-12-21,18,-9.8,0.0,2.6,53,-1233.7440000000001,0.5
2023-12-21,19,-10.1,0.0,3.1,55,-1298.3260000000002,0.5
2023-12-21,20,-10.6,0.0,2.0,60,-1449.926,0.5
2023-12-21,21,-11.4,0.0,2.6,61,-1523.6799999999998,0.5
2023-12-21,22,-11.9,0.0,2.5,62,-1580.3610000000003,0.5
2023-12-21,23,-12.3,0.0,2.3,62,-1605.2370000000003,0.5
2023-12-22,0,-12.7,0.0,3.4,61,-1603.2399999999998,0.4
2023-12-22,1,-13.1,0.0,3.3,61,-1627.7199999999998,0.4
2023-12-22,2,-13.4,0.0,3.7,58,-1563.382,0.4
2023-12-22,3,-13.8,0.0,2.6,58,-1586.6740000000002,0.4
2023-12-22,4,-14.0,0.0,4.0,55,-1513.8400000000004,0.4
2023-12-22,5,-13.8,0.0,2.7,53,-1446.864,0.4
2023-12-22,6,-14.0,0.0,3.8,55,-1513.8400000000004,0.4
2023-12-22,7,-14.5,0.0,2.1,55,-1541.47,0.4
2023-12-22,8,-14.7,0.0,2.0,54,-1523.669,0.4
2023-12-22,9,-14.4,0.0,3.2,51,-1421.7200000000003,0.4
2023-12-22,10,-13.1,0.0,2.2,49,-1300.492,0.4
2023-12-22,11,-11.6,0.0,3.3,45,-1123.3760000000002,0.4
2023-12-22,12,-10.9,0.0,2.6,43,-1041.442,0.4
2023-12-22,13,-9.4,0.0,2.6,45,-1023.5840000000003,0.4
2023-12-22,14,-9.0,0.0,2.5,41,-912.6000000000001,0.4
2023-12-22,15,-8.2,0.0,2.7,41,-879.4799999999999,0.4
2023-12-22,16,-8.6,0.0,3.8,42,-918.8540000000002,0.4
2023-12-22,17,-9.1,0.0,2.2,44,-986.667,0.4
2023-12-22,18,-9.8,0.0,1.4,49,-1137.736,0.4
2023-12-22,19,-10.3,0.0,1.9,53,-1260.3840000000002,0.4
2023-12-22,20,-10.4,0.0,1.6,56,-1339.5000000000002,0.4
2023-12-22,21,-10.8,0.0,1.8,56,-1362.0000000000002,0.4
2023-12-22,22,-10.8,0.0,2.4,58,-1411.9840000000002,0.4
2023-12-22,23,-11.2,0.0,0.9,59,-1460.664,0.4
2023-12-23,0,-11.0,0.0,2.0,61,-1499.1999999999998,0.2
2023-12-23,1,-11.5,0.0,1.2,60,-1504.1150000000002,0.2
2023-12-23,2,-11.4,0.0,2.5,62,-1549.266,0.2
2023-12-23,3,-11.9,0.0,1.5,63,-1606.4420000000002,0.2
2023-12-23,4,-12.4,0.0,1.7,66,-1717.76,0.2
2023-12-23,5,-12.6,0.0,2.1,66,-1730.99,0.2
2023-12-23,6,-12.5,0.0,2.5,68,-1777.7250000000001,0.2
2023-12-23,7,-12.5,0.0,2.4,69,-1804.4000000000003,0.2
2023-12-23,8,-12.6,0.0,2.2,71,-1864.8600000000001,0.2
2023-12-23,9,-11.4,0.0,2.3,68,-1702.782,0.2
2023-12-23,10,-8.6,0.0,2.3,55,-1215.4360000000001,0.2
2023-12-23,11,-6.8,0.0,1.5,46,-926.6800000000002,0.2
2023-12-23,12,-5.3,0.0,1.7,44,-818.061,0.2
2023-12-23,13,-2.8,0.0,0.9,42,-672.992,0.2
2023-12-23,14,-2.0,0.0,2.4,39,-590.2400000000001,0.2
2023-12-23,15,-1.7,0.0,0.8,37,-546.448,0.2
2023-12-23,16,-1.3,0.0,1.5,40,-578.2330000000001,0.2
2023-12-23,17,-2.1,0.0,0.6,40,-610.561,0.2
2023-12-23,18,-3.3,0.0,1.2,45,-746.888,0.2
2023-12-23,19,-4.2,0.0,2.1,49,-861.5440000000001,0.2
2023-12-23,20,-3.8,0.0,0.3,50,-859.8780000000003,0.2
2023-12-23,21,-3.7,0.0,1.1,48,-818.9209999999999,0.2
2023-12-23,22,-4.2,0.0,2.0,52,-916.918,0.2
2023-12-23,23,-4.7,0.0,2.3,54,-980.9690000000002,0.2
2023-12-31,0,2.1,1.7,3.0,99,-1161.8780000000002,8.8
2023-12-31,1,2.1,0.0,2.3,98,-1149.657,8.8
2023-12-31,2,2.2,0.0,1.2,98,-1139.874,8.8
2023-12-31,3,2.2,0.8,1.8,99,-1151.996,8.8
2023-12-31,4,2.3,0.0,2.3,99,-1142.114,8.8
2023-12-31,5,2.4,0.0,1.8,99,-1132.2320000000002,8.8
2023-12-31,6,2.4,0.0,1.4,99,-1132.2320000000002,8.8
2023-12-31,7,2.8,0.0,1.9,100,-1104.2320000000002,8.8
2023-12-31,8,1.2,0.0,2.7,98,-1237.704,8.8
2023-12-31,9,1.1,3.9,2.4,98,-1247.487,8.8
2023-12-31,10,1.5,0.0,2.0,99,-1221.17,8.8
2023-12-31,11,1.8,0.0,2.4,97,-1166.488,8.8
2023-12-31,12,2.2,0.0,3.3,96,-1115.63,8.8
2023-12-31,13,2.6,0.0,2.4,92,-1030.386,8.8
2023-12-31,14,2.6,0.0,2.5,92,-1030.386,8.8
2023-12-31,15,3.8,0.0,2.7,90,-899.042,8.8
2023-12-31,16,4.3,0.0,2.2,85,-803.872,8.8
2023-12-31,17,4.0,0.0,2.2,86,-839.7000000000002,8.8
2023-12-31,18,3.1,0.0,0.7,89,-950.7480000000002,8.8
2023-12-31,19,2.6,0.0,0.8,90,-1006.934,8.8
2023-12-31,20,1.9,0.0,2.2,94,-1119.547,8.8
2023-12-31,21,1.7,0.0,2.4,96,-1163.5550000000003,8.8
2023-12-31,22,1.3,0.0,0.6,95,-1188.882,8.8
2023-12-31,23,0.9,0.0,0.8,96,-1240.2350000000001,8.8
2024-01-01,0,0.6,0.0,1.9,97,-1282.6960000000004,2.4
2024-01-01,1,0.5,0.0,2.2,97,-1292.38,2.4
2024-01-01,2,0.4,0.0,0.4,98,-1315.968,2.4
2024-01-01,3,-0.1,0.0,1.7,98,-1364.883,2.4
2024-01-01,4,-0.2,0.0,2.2,98,-1374.666,2.4
2024-01-01,5,0.3,0.0,1.2,99,-1339.7540000000001,2.4
2024-01-01,6,0.5,0.0,2.0,99,-1319.9900000000002,2.4
2024-01-01,7,0.4,0.0,2.1,98,-1315.968,2.4
2024-01-01,8,0.2,0.0,0.8,98,-1335.534,2.4
2024-01-01,9,0.6,0.0,1.3,99,-1310.1080000000004,2.4
2024-01-01,10,2.4,0.0,1.4,95,-1084.536,2.4
2024-01-01,11,4.4,0.0,2.0,82,-765.5440000000001,2.4
2024-01-01,12,5.7,0.0,2.3,73,-581.0440000000001,2.4
2024-01-01,13,7.3,0.0,1.6,70,-442.89700000000005,2.4
2024-01-01,14,6.5,0.0,2.1,68,-483.2549999999999,2.4
2024-01-01,15,6.4,0.0,1.2,68,-490.068,2.4
2024-01-01,16,5.8,0.0,2.2,68,-530.946,2.4
2024-01-01,17,5.5,0.0,2.3,71,-577.95,2.4
2024-01-01,18,4.9,0.0,1.1,71,-620.6099999999999,2.4
2024-01-01,19,4.6,0.0,1.3,72,-651.686,2.4
2024-01-01,20,4.4,0.0,1.3,75,-695.936,2.4
2024-01-01,21,4.3,0.0,1.7,77,-723.528,2.4
2024-01-01,22,4.1,0.0,1.5,79,-759.4180000000001,2.4
2024-01-01,23,3.9,0.0,2.0,82,-806.5390000000001,2.4
2024-01-07,0,-0.9,0.0,2.5,86,-1260.8550000000002,5.6
2024-01-07,1,-2.1,0.0,2.6,80,-1265.721,5.6
2024-01-07,2,-2.7,0.0,1.1,79,-1296.7540000000001,5.6
2024-01-07,3,-3.2,0.0,0.1,80,-1353.7320000000002,5.6
2024-01-07,4,-3.3,0.0,1.9,81,-1379.3,5.6
2024-01-07,5,-3.4,0.0,1.2,81,-1387.3999999999999,5.6
2024-01-07,6,-3.6,0.0,3.0,79,-1367.8720000000003,5.6
2024-01-07,7,-4.4,0.0,1.5,71,-1281.8400000000001,5.6
2024-01-07,8,-4.9,0.0,1.7,66,-1221.635,5.6
2024-01-07,9,-4.6,0.0,3.1,57,-1032.104,5.6
2024-01-07,10,-3.7,0.0,4.6,50,-854.847,5.6
2024-01-07,11,-3.4,0.0,5.3,42,-698.4259999999999,5.6
2024-01-07,12,-2.5,0.0,4.7,44,-693.825,5.6
2024-01-07,13,-3.0,0.0,6.3,37,-595.12,5.6
2024-01-07,14,-2.1,0.0,4.0,39,-594.182,5.6
2024-01-07,15,-1.8,0.0,4.5,37,-550.1920000000001,5.6
2024-01-07,16,-2.0,0.0,3.3,37,-557.6800000000001,5.6
2024-01-07,17,-3.5,0.0,3.6,39,-649.37,5.6
2024-01-07,18,-4.6,0.0,3.3,44,-787.0020000000001,5.6
2024-01-07,19,-5.3,0.0,3.6,46,-857.1550000000001,5.6
2024-01-07,20,-5.8,0.0,2.8,52,-1000.5819999999999,5.6
2024-01-07,21,-6.7,0.0,4.6,54,-1089.509,5.6
2024-01-07,22,-7.5,0.0,1.0,59,-1241.5500000000002,5.6
2024-01-07,23,-8.1,0.0,2.6,64,-1388.6770000000001,5.6
2024-01-08,0,-8.3,0.0,2.9,64,-1401.5110000000002,1.5
2024-01-08,1,-8.5,0.0,3.3,64,-1414.345,1.5
2024-01-08,2,-8.9,0.0,2.1,65,-1463.124,1.5
2024-01-08,3,-9.1,0.0,0.7,64,-1452.8470000000002,1.5
2024-01-08,4,-9.4,0.0,1.7,66,-1519.3100000000002,1.5
2024-01-08,5,-9.7,0.0,0.5,67,-1563.0580000000002,1.5
2024-01-08,6,-10.1,0.0,2.2,65,-1541.3160000000003,1.5
2024-01-08,7,-10.1,0.0,1.7,67,-1589.9140000000002,1.5
2024-01-08,8,-10.1,0.0,1.9,68,-1614.2130000000002,1.5
2024-01-08,9,-9.0,0.0,2.7,66,-1492.8500000000001,1.5
2024-01-08,10,-6.3,0.0,2.0,53,-1047.2640000000001,1.5
2024-01-08,11,-3.8,0.0,1.3,48,-823.7540000000001,1.5
2024-01-08,12,-2.3,0.0,1.7,40,-618.643,1.5
2024-01-08,13,-0.8,0.0,2.3,37,-512.7520000000001,1.5
2024-01-08,14,-0.6,0.0,1.9,35,-475.47600000000006,1.5
2024-01-08,15,-0.3,0.0,2.1,34,-450.24100000000004,1.5
2024-01-08,16,-0.7,0.0,2.9,47,-658.9380000000001,1.5
2024-01-08,17,-1.5,0.0,1.7,52,-775.735,1.5
2024-01-08,18,-2.2,0.0,1.4,61,-960.6400000000001,1.5
2024-01-08,19,-2.6,0.0,0.6,63,-1018.8680000000002,1.5
2024-01-08,20,-3.1,0.0,1.3,66,-1102.5649999999998,1.5
2024-01-08,21,-2.9,0.0,0.7,68,-1123.6770000000001,1.5
2024-01-08,22,-2.1,0.0,1.1,64,-1003.6570000000002,1.5
2024-01-08,23,-2.2,0.0,1.7,65,-1026.5520000000001,1.5
2024-01-09,0,-1.9,0.0,1.9,64,-990.8230000000002,0.3
2024-01-09,1,-1.8,0.0,1.2,63,-968.3240000000001,0.3
2024-01-09,2,-1.7,0.0,1.6,64,-977.989,0.3
2024-01-09,3,-1.6,0.0,2.1,63,-955.688,0.3
2024-01-09,4,-1.5,0.0,1.6,65,-980.94,0.3
2024-01-09,5,-1.3,0.0,1.7,65,-967.9080000000001,0.3
2024-01-09,6,-1.1,0.0,2.0,66,-970.265,0.3
2024-01-09,7,-1.0,0.0,2.3,71,-1040.1,0.3
2024-01-09,8,-1.2,0.0,1.9,74,-1100.7840000000003,0.3
2024-01-09,9,-1.5,0.4,1.6,86,-1312.4250000000002,0.3
2024-01-09,10,-1.3,0.0,2.6,88,-1326.4089999999999,0.3
2024-01-09,11,-0.7,0.0,2.1,88,-1273.651,0.3
2024-01-09,12,-0.5,0.2,2.3,89,-1270.8600000000001,0.3
2024-01-09,13,-0.1,0.0,2.1,91,-1264.0900000000001,0.3
2024-01-09,14,0.1,0.0,1.4,91,-1245.91,0.3
2024-01-09,15,0.2,0.7,2.0,92,-1250.9220000000003,0.3
2024-01-09,16,0.2,0.0,2.1,92,-1250.9220000000003,0.3
2024-01-09,17,0.3,0.0,2.1,93,-1255.736,0.3
2024-01-09,18,0.2,0.3,2.0,91,-1236.8200000000004,0.3
2024-01-09,19,0.2,0.0,2.0,92,-1250.9220000000003,0.3
2024-01-09,20,0.1,0.0,1.4,93,-1274.312,0.3
2024-01-09,21,0.1,0.0,1.0,92,-1260.111,0.3
2024-01-09,22,0.1,0.0,1.0,93,-1274.312,0.3
2024-01-09,23,0.4,0.0,2.9,95,-1274.256,0.3
2024-01-10,0,-0.3,0.0,2.4,93,-1311.464,3.0
2024-01-10,1,-1.1,0.0,0.9,92,-1370.3790000000001,3.0
2024-01-10,2,-1.4,0.0,2.1,95,-1445.0040000000001,3.0
2024-01-10,3,-1.9,0.0,1.5,95,-1492.4340000000002,3.0
2024-01-10,4,-2.4,0.0,0.9,94,-1523.188,3.0
2024-01-10,5,-3.1,0.0,0.4,93,-1571.5279999999998,3.0
2024-01-10,6,-3.6,0.0,0.1,93,-1617.9680000000003,3.0
2024-01-10,7,-4.1,0.0,1.8,94,-1682.7670000000005,3.0
2024-01-10,8,-3.7,0.0,1.7,94,-1645.219,3.0
2024-01-10,9,-3.7,0.0,1.6,94,-1645.219,3.0
2024-01-10,10,-2.7,0.0,2.3,94,-1551.349,3.0
2024-01-10,11,-1.1,0.0,2.5,87,-1293.4340000000002,3.0
2024-01-10,12,0.0,0.0,1.8,82,-1126.3000000000002,3.0
2024-01-10,13,1.6,0.0,0.8,75,-906.1040000000002,3.0
2024-01-10,14,1.5,0.0,2.3,75,-913.61,3.0
2024-01-10,15,2.9,0.0,2.2,71,-762.8100000000001,3.0
2024-01-10,16,3.1,0.0,2.2,69,-726.1280000000002,3.0
2024-01-10,17,1.9,0.0,2.5,72,-846.3290000000001,3.0
2024-01-10,18,0.7,0.0,1.7,76,-987.265,3.0
2024-01-10,19,0.1,0.0,1.9,78,-1061.297,3.0
2024-01-10,20,-0.5,0.0,2.3,84,-1196.8850000000002,3.0
2024-01-10,21,-1.0,0.0,1.3,87,-1284.74,3.0
2024-01-10,22,-1.4,0.0,2.1,91,-1382.2600000000002,3.0
2024-01-10,23,-1.4,0.0,1.5,90,-1366.574,3.0
2024-01-11,0,-1.2,0.0,1.9,89,-1333.1040000000003,2.0
2024-01-11,1,-1.2,0.0,1.1,88,-1317.6160000000002,2.0
2024-01-11,2,-1.2,0.0,2.7,86,-1286.6400000000003,2.0
2024-01-11,3,-1.4,0.0,2.2,85,-1288.144,2.0
2024-01-11,4,-1.9,0.0,1.5,84,-1314.4430000000002,2.0
2024-01-11,5,-1.8,0.0,1.0,85,-1322.1280000000002,2.0
2024-01-11,6,-2.3,0.0,1.6,86,-1381.1850000000004,2.0
2024-01-11,7,-2.0,0.0,1.4,88,-1387.96,2.0
2024-01-11,8,-1.7,0.0,0.6,86,-1329.615,2.0
2024-01-11,9,-1.1,0.0,2.3,86,-1278.0450000000003,2.0
2024-01-11,10,-0.4,0.0,2.0,83,-1173.792,2.0
2024-01-11,11,0.6,0.0,1.5,78,-1022.2820000000002,2.0
2024-01-11,12,2.2,0.0,1.5,72,-824.702,2.0
2024-01-11,13,2.9,0.0,2.9,71,-762.8100000000001,2.0
2024-01-11,14,3.3,0.0,3.2,73,-756.436,2.0
2024-01-11,15,4.0,0.0,3.1,71,-684.6,2.0
2024-01-11,16,4.4,0.0,3.4,70,-646.216,2.0
2024-01-11,17,4.4,0.0,2.7,72,-666.104,2.0
2024-01-11,18,4.3,0.0,2.4,76,-713.4849999999999,2.0
2024-01-11,19,4.1,0.0,1.8,78,-749.177,2.0
2024-01-11,20,3.9,0.0,1.9,80,-785.6610000000001,2.0
2024-01-11,21,3.9,0.0,1.8,82,-806.5390000000001,2.0
2024-01-11,22,3.8,0.0,2.2,82,-814.738,2.0
2024-01-11,23,3.8,0.0,2.1,83,-825.276,2.0
2024-01-18,0,1.8,2.7,1.7,96,-1153.97,1.1
2024-01-18,1,1.7,0.0,0.4,96,-1163.5550000000003,1.1
2024-01-18,2,1.7,0.0,0.5,95,-1150.938,1.1
2024-01-18,3,1.8,0.5,1.1,96,-1153.97,1.1
2024-01-18,4,1.9,0.0,1.9,97,-1156.8039999999999,1.1
2024-01-18,5,1.9,0.0,1.3,97,-1156.8039999999999,1.1
2024-01-18,6,1.8,0.0,2.3,96,-1153.97,1.1
2024-01-18,7,1.5,0.0,1.8,95,-1169.91,1.1
2024-01-18,8,1.5,0.0,2.0,97,-1195.5400000000002,1.1
2024-01-18,9,1.5,0.0,2.1,94,-1157.095,1.1
2024-01-18,10,1.7,0.0,1.3,93,-1125.7040000000002,1.1
2024-01-18,11,2.9,0.0,1.7,93,-1014.248,1.1
2024-01-18,12,5.0,0.0,1.5,81,-707.0,1.1
2024-01-18,13,6.5,0.0,2.3,74,-530.4449999999999,1.1
2024-01-18,14,7.9,0.0,2.9,71,-407.30999999999995,1.1
2024-01-18,15,8.5,0.0,3.1,69,-352.88,1.1
2024-01-18,16,9.2,0.0,3.5,64,-278.5360000000001,1.1
2024-01-18,17,9.0,0.0,2.7,64,-291.3700000000001,1.1
2024-01-18,18,7.7,0.0,4.1,67,-394.822,1.1
2024-01-18,19,6.6,0.0,4.0,70,-491.97400000000005,1.1
2024-01-18,20,5.4,0.0,4.1,74,-611.9220000000001,1.1
2024-01-18,21,5.0,0.0,5.1,74,-641.5500000000001,1.1
2024-01-18,22,4.8,0.0,4.3,75,-665.912,1.1
2024-01-18,23,4.5,0.0,4.6,75,-688.43,1.1
2024-02-06,0,0.2,0.4,2.3,93,-1265.0240000000001,3.6
2024-02-06,1,0.2,0.0,2.2,93,-1265.0240000000001,3.6
2024-02-06,2,0.0,0.0,2.8,92,-1269.3000000000002,3.6
2024-02-06,3,0.0,0.2,2.7,91,-1255.0000000000002,3.6
2024-02-06,4,0.0,0.0,2.5,90,-1240.7,3.6
2024-02-06,5,0.0,0.0,2.3,89,-1226.4,3.6
2024-02-06,6,0.1,0.0,1.2,86,-1174.9050000000002,3.6
2024-02-06,7,0.1,0.0,2.4,88,-1203.307,3.6
2024-02-06,8,0.2,0.0,1.7,85,-1152.2080000000003,3.6
2024-02-06,9,0.5,0.0,2.0,86,-1140.525,3.6
2024-02-06,10,1.2,0.0,2.0,80,-1001.6879999999999,3.6
2024-02-06,11,1.8,0.0,1.3,75,-891.092,3.6
2024-02-06,12,2.6,0.0,1.0,76,-842.7700000000001,3.6
2024-02-06,13,2.9,0.0,1.9,79,-854.2420000000002,3.6
2024-02-06,14,2.6,0.0,2.3,78,-866.2220000000001,3.6
2024-02-06,15,2.4,0.0,2.2,80,-905.676,3.6
2024-02-06,16,2.6,0.0,3.0,75,-831.0440000000001,3.6
2024-02-06,17,2.2,0.0,2.8,73,-836.824,3.6
2024-02-06,18,1.7,0.0,2.5,79,-949.0660000000003,3.6
2024-02-06,19,1.2,0.0,2.7,79,-988.5760000000001,3.6
2024-02-06,20,1.2,0.0,1.8,79,-988.5760000000001,3.6
2024-02-06,21,1.1,0.0,3.0,84,-1062.5330000000001,3.6
2024-02-06,22,1.1,0.0,1.9,81,-1022.8999999999999,3.6
2024-02-06,23,1.1,0.0,2.9,83,-1049.322,3.6
2024-02-22,0,0.0,2.7,4.5,98,-1355.1000000000001,5.2
2024-02-22,1,-0.1,0.0,4.4,99,-1379.2820000000002,5.2
2024-02-22,2,-0.2,0.0,4.5,99,-1389.164,5.2
2024-02-22,3,-0.2,4.0,4.1,99,-1389.164,5.2
2024-02-22,4,-0.3,0.0,3.8,99,-1399.046,5.2
2024-02-22,5,-0.5,0.0,4.5,98,-1404.015,5.2
2024-02-22,6,-0.8,4.3,4.8,97,-1418.2720000000002,5.2
2024-02-22,7,-1.1,0.0,4.9,96,-1431.9350000000002,5.2
2024-02-22,8,-0.9,0.0,5.2,86,-1260.8550000000002,5.2
2024-02-22,9,-0.4,0.5,4.8,84,-1188.488,5.2
2024-02-22,10,0.0,0.0,3.6,80,-1097.7,5.2
2024-02-22,11,0.3,0.0,5.2,75,-1003.6820000000002,5.2
2024-02-22,12,0.8,0.0,4.9,76,-979.6599999999999,5.2
2024-02-22,13,1.3,0.0,3.7,79,-980.6740000000001,5.2
2024-02-22,14,1.5,0.0,4.2,74,-900.7950000000001,5.2
2024-02-22,15,1.4,0.0,4.3,76,-934.0300000000001,5.2
2024-02-22,16,1.2,0.0,4.7,78,-975.464,5.2
2024-02-22,17,1.1,0.0,3.7,78,-983.267,5.2
2024-02-22,18,0.7,0.0,3.7,79,-1028.086,5.2
2024-02-22,19,0.6,0.0,5.0,75,-981.1640000000001,5.2
2024-02-22,20,0.6,0.0,3.9,76,-994.8700000000001,5.2
2024-02-22,21,0.5,0.0,2.5,79,-1043.89,5.2
2024-02-22,22,0.3,0.0,3.3,79,-1059.6940000000002,5.2
2024-02-22,23,0.1,0.0,3.4,84,-1146.5030000000002,5.2
2024-02-23,0,-0.1,0.0,3.5,86,-1192.0950000000003,10.2
2024-02-23,1,-0.3,0.0,2.9,88,-1238.479,10.2
2024-02-23,2,-0.6,0.0,3.2,91,-1309.54,10.2
2024-02-23,3,-0.8,0.4,3.4,91,-1327.7200000000003,10.2
2024-02-23,4,-0.8,0.0,3.7,88,-1282.4440000000002,10.2
2024-02-23,5,-0.8,0.0,3.2,86,-1252.2600000000002,10.2
2024-02-23,6,-0.8,0.0,2.7,84,-1222.0760000000002,10.2
2024-02-23,7,-0.9,0.0,3.2,83,-1215.282,10.2
2024-02-23,8,-0.7,0.0,3.8,81,-1168.7,10.2
2024-02-23,9,0.0,0.0,3.8,76,-1040.5,10.2
2024-02-23,10,1.1,0.0,4.3,67,-837.946,10.2
2024-02-23,11,2.4,0.0,3.3,62,-691.044,10.2
2024-02-23,12,3.6,0.0,3.9,57,-562.7360000000001,10.2
2024-02-23,13,4.6,0.0,4.5,55,-486.004,10.2
2024-02-23,14,5.5,0.0,3.0,53,-418.56000000000006,10.2
2024-02-23,15,6.0,0.0,3.0,53,-391.92,10.2
2024-02-23,16,5.5,0.0,2.8,54,-427.4150000000001,10.2
2024-02-23,17,5.2,0.0,3.4,55,-452.84800000000007,10.2
2024-02-23,18,4.5,0.0,2.5,57,-511.22,10.2
2024-02-23,19,3.7,0.0,3.9,56,-546.3750000000001,10.2
2024-02-23,20,2.9,0.0,5.3,59,-625.662,10.2
2024-02-23,21,1.8,0.0,4.7,63,-740.876,10.2
2024-02-23,22,1.1,0.0,3.6,66,-824.735,10.2
2024-02-23,23,0.6,0.0,4.1,66,-857.8100000000001,10.2
2024-02-24,0,0.2,0.0,3.7,69,-926.5760000000001,2.0
2024-02-24,1,-0.1,0.0,3.2,68,-932.913,2.0
2024-02-24,2,-0.2,0.0,3.8,69,-954.2240000000002,2.0
2024-02-24,3,-0.5,0.0,3.5,69,-974.96,2.0
2024-02-24,4,-0.6,0.0,3.6,68,-966.9780000000001,2.0
2024-02-24,5,-0.9,0.0,3.3,69,-1002.6080000000002,2.0
2024-02-24,6,-1.0,0.0,4.0,70,-1024.8100000000002,2.0
2024-02-24,7,-1.3,0.0,4.1,70,-1045.843,2.0
2024-02-24,8,-1.1,0.0,2.6,67,-985.6540000000001,2.0
2024-02-24,9,-0.1,0.0,3.5,63,-860.918,2.0
2024-02-24,10,1.5,0.0,3.2,57,-682.94,2.0
2024-02-24,11,2.1,0.0,3.5,54,-611.933,2.0
2024-02-24,12,3.9,0.0,3.6,52,-493.369,2.0
2024-02-24,13,4.6,0.0,2.7,53,-466.512,2.0
2024-02-24,14,5.4,0.0,4.5,50,-397.02600000000007,2.0
2024-02-24,15,5.6,0.0,2.9,50,-386.96400000000006,2.0
2024-02-24,16,5.4,0.0,2.8,51,-405.9800000000001,2.0
2024-02-24,17,5.1,0.0,1.9,53,-439.872,2.0
2024-02-24,18,4.5,0.0,1.8,60,-540.755,2.0
2024-02-24,19,3.3,0.0,2.4,79,-822.6340000000001,2.0
2024-02-24,20,2.4,0.0,2.1,89,-1012.9920000000002,2.0
2024-02-24,21,2.1,1.3,2.2,91,-1064.1100000000001,2.0
2024-02-24,22,2.1,0.0,2.5,93,-1088.552,2.0
2024-02-24,23,1.9,0.0,3.0,94,-1119.547,2.0
2024-11-27,0,1.0,6.6,1.2,94,-1204.0300000000002,0.9
2024-11-27,1,1.2,0.0,3.5,94,-1185.256,0.9
2024-11-27,2,0.5,0.0,3.3,96,-1278.5750000000003,0.9
2024-11-27,3,0.3,5.8,2.7,96,-1297.7450000000003,0.9
2024-11-27,4,0.3,0.0,1.6,96,-1297.7450000000003,0.9
2024-11-27,5,0.3,0.0,0.9,96,-1297.7450000000003,0.9
2024-11-27,6,0.2,9.0,0.6,97,-1321.4320000000002,0.9
2024-11-27,7,-1.0,0.0,1.4,91,-1345.9,0.9
2024-11-27,8,-1.3,0.0,0.9,89,-1341.996,0.9
2024-11-27,9,-1.0,1.5,1.2,89,-1315.3200000000002,0.9
2024-11-27,10,-0.4,0.0,0.9,86,-1217.88,0.9
2024-11-27,11,-0.4,0.0,0.5,89,-1261.968,0.9
2024-11-27,12,-0.4,0.3,1.5,89,-1261.968,0.9
2024-11-27,13,-0.2,0.0,1.4,86,-1200.69,0.9
2024-11-27,14,-0.3,0.0,1.3,91,-1282.2700000000002,0.9
2024-11-27,15,-0.3,3.0,0.6,90,-1267.673,0.9
2024-11-27,16,0.4,0.0,1.3,85,-1135.2160000000001,0.9
2024-11-27,17,0.0,0.0,1.7,80,-1097.7,0.9
2024-11-27,18,-0.6,0.0,0.8,81,-1160.6,0.9
2024-11-27,19,-0.7,0.0,1.6,83,-1198.6860000000001,0.9
2024-11-27,20,-1.0,0.0,1.5,85,-1254.16,0.9
2024-11-27,21,-1.1,0.0,0.9,88,-1308.823,0.9
2024-11-27,22,-0.6,0.0,1.7,91,-1309.54,0.9
2024-11-27,23,-0.3,0.0,1.0,94,-1326.0610000000001,0.9
2024-11-28,0,-0.1,2.8,1.5,95,-1321.6860000000001,20.1
2024-11-28,1,0.1,0.0,1.1,95,-1302.714,20.1
2024-11-28,2,0.2,0.0,0.4,96,-1307.3300000000004,20.1
2024-11-28,3,0.3,2.9,0.3,96,-1297.7450000000003,20.1
2024-11-28,4,0.3,0.0,0.6,94,-1269.7390000000003,20.1
2024-11-28,5,-0.1,0.0,0.3,93,-1292.8880000000001,20.1
2024-11-28,6,0.1,0.9,0.0,95,-1302.714,20.1
2024-11-28,7,0.1,0.0,0.1,95,-1302.714,20.1
2024-11-28,8,0.4,0.0,1.0,96,-1288.1600000000003,20.1
2024-11-28,9,0.8,1.1,1.1,93,-1209.2959999999998,20.1
2024-11-28,10,1.5,0.0,1.2,91,-1118.65,20.1
2024-11-28,11,2.3,0.0,3.2,85,-973.792,20.1
2024-11-28,12,2.5,0.0,3.8,81,-909.5,20.1
2024-11-28,13,3.3,0.0,3.2,75,-778.5020000000001,20.1
2024-11-28,14,3.4,0.0,3.9,67,-683.524,20.1
2024-11-28,15,3.1,0.0,3.3,65,-681.2040000000001,20.1
2024-11-28,16,3.0,0.0,3.0,66,-699.0500000000001,20.1
2024-11-28,17,2.0,0.0,2.9,71,-826.8,20.1
2024-11-28,18,1.3,0.0,2.1,75,-928.6220000000001,20.1
2024-11-28,19,0.8,0.0,1.9,77,-993.1679999999999,20.1
2024-11-28,20,0.2,0.0,2.0,75,-1011.1880000000001,20.1
2024-11-28,21,-0.1,0.0,2.2,73,-1004.9080000000001,20.1
2024-11-28,22,-0.8,0.0,2.1,77,-1116.4320000000002,20.1
2024-11-28,23,-1.3,0.0,1.5,77,-1154.952,20.1
2024-11-29,0,-1.7,0.0,0.6,78,-1201.751,12.3
2024-11-29,1,-1.7,0.0,1.8,78,-1201.751,12.3
2024-11-29,2,-2.2,0.0,0.5,78,-1240.766,12.3
2024-11-29,3,-2.6,0.0,2.0,84,-1373.2220000000002,12.3
2024-11-29,4,-2.6,0.0,1.6,81,-1322.6000000000001,12.3
2024-11-29,5,-2.9,0.0,1.2,82,-1364.0710000000001,12.3
2024-11-29,6,-3.0,0.0,1.2,83,-1389.54,12.3
2024-11-29,7,-3.3,0.0,0.8,84,-1432.0010000000002,12.3
2024-11-29,8,-3.2,0.0,0.9,84,-1423.6040000000003,12.3
2024-11-29,9,-2.2,0.0,1.2,78,-1240.766,12.3
2024-11-29,10,0.4,0.0,1.7,68,-898.8480000000001,12.3
2024-11-29,11,2.1,0.0,1.2,58,-660.817,12.3
2024-11-29,12,2.6,0.0,1.2,56,-608.2500000000001,12.3
2024-11-29,13,3.2,0.0,2.2,56,-574.5,12.3
2024-11-29,14,2.7,0.0,2.4,60,-649.133,12.3
2024-11-29,15,2.7,0.0,2.3,63,-684.014,12.3
2024-11-29,16,3.0,0.0,1.0,66,-699.0500000000001,12.3
2024-11-29,17,2.6,0.0,0.9,70,-772.4140000000001,12.3
2024-11-29,18,2.4,0.0,1.3,75,-846.056,12.3
2024-11-29,19,1.6,0.0,1.8,79,-956.9680000000002,12.3
2024-11-29,20,1.3,0.0,0.8,83,-1032.726,12.3
2024-11-29,21,1.1,0.0,0.7,85,-1075.7440000000001,12.3
2024-11-29,22,1.1,0.0,2.0,88,-1115.377,12.3
2024-11-29,23,1.0,0.0,2.5,88,-1124.17,12.3
2024-11-30,0,0.6,0.0,1.9,86,-1131.9300000000003,7.9
2024-11-30,1,0.3,0.0,1.3,86,-1157.7150000000001,7.9
2024-11-30,2,0.6,0.0,1.6,83,-1090.8120000000001,7.9
2024-11-30,3,0.6,0.0,2.4,82,-1077.1060000000002,7.9
2024-11-30,4,0.4,0.0,0.9,78,-1037.8880000000001,7.9
2024-11-30,5,0.0,0.0,1.7,78,-1069.1000000000001,7.9
2024-11-30,6,-0.3,0.0,1.2,81,-1136.3,7.9
2024-11-30,7,-0.3,0.0,2.0,82,-1150.897,7.9
2024-11-30,8,-0.3,0.0,1.4,84,-1180.0910000000001,7.9
2024-11-30,9,0.4,0.0,1.9,81,-1079.6000000000001,7.9
2024-11-30,10,2.8,0.0,2.3,72,-781.4480000000002,7.9
2024-11-30,11,2.7,0.0,2.2,71,-777.03,7.9
2024-11-30,12,3.3,0.0,2.3,71,-734.37,7.9
2024-11-30,13,4.4,0.0,2.2,65,-596.496,7.9
2024-11-30,14,5.2,0.0,1.2,65,-544.368,7.9
2024-11-30,15,5.6,0.0,1.3,68,-544.572,7.9
2024-11-30,16,5.1,0.0,2.2,71,-606.3900000000001,7.9
2024-11-30,17,4.4,0.0,2.7,81,-755.6,7.9
2024-11-30,18,4.0,0.0,2.1,86,-839.7000000000002,7.9
2024-11-30,19,3.9,0.0,2.6,89,-879.6120000000002,7.9
2024-11-30,20,3.9,0.0,1.6,89,-879.6120000000002,7.9
2024-11-30,21,3.8,0.0,2.0,91,-909.5800000000002,7.9
2024-11-30,22,3.6,0.0,2.2,91,-927.7600000000001,7.9
2024-11-30,23,3.2,0.0,2.1,92,-975.2520000000001,7.9
2024-12-01,0,2.8,0.0,1.5,93,-1023.5360000000001,5.3
2024-12-01,1,2.5,0.0,1.9,94,-1063.2250000000001,5.3
2024-12-01,2,2.3,0.0,1.7,94,-1081.999,5.3
2024-12-01,3,1.9,0.0,2.5,95,-1131.966,5.3
2024-12-01,4,1.7,0.0,1.9,95,-1150.938,5.3
2024-12-01,5,1.7,0.0,2.1,96,-1163.5550000000003,5.3
2024-12-01,6,1.6,0.0,2.5,97,-1185.856,5.3
2024-12-01,7,2.3,0.0,2.2,98,-1130.091,5.3
2024-12-01,8,2.7,0.0,2.7,97,-1079.332,5.3
2024-12-01,9,3.6,0.0,3.2,97,-992.1759999999999,5.3
2024-12-01,10,4.0,0.0,3.4,96,-943.1000000000001,5.3
2024-12-01,11,5.2,0.0,2.1,91,-782.3200000000002,5.3
2024-12-01,12,6.5,0.0,2.8,83,-601.2299999999999,5.3
2024-12-01,13,7.3,0.0,3.0,81,-520.6999999999999,5.3
2024-12-01,14,8.0,0.0,2.3,79,-451.24000000000007,5.3
2024-12-01,15,8.1,0.0,2.9,79,-443.3380000000001,5.3
2024-12-01,16,8.0,0.0,3.2,79,-451.24000000000007,5.3
2024-12-01,17,7.5,0.0,3.3,81,-504.5,5.3
2024-12-01,18,7.2,0.0,2.8,83,-543.1439999999999,5.3
2024-12-01,19,6.7,0.0,2.6,85,-599.9680000000001,5.3
2024-12-01,20,6.6,0.0,2.3,86,-616.2300000000001,5.3
2024-12-01,21,6.5,0.2,1.7,88,-640.555,5.3
2024-12-01,22,6.6,0.0,1.4,91,-655.0600000000002,5.3
2024-12-01,23,6.4,0.0,2.1,91,-673.24,5.3
2024-12-21,0,1.4,0.4,2.4,86,-1063.1700000000003,0.5
2024-12-21,1,1.2,0.0,2.3,87,-1093.472,0.5
2024-12-21,2,1.3,0.0,2.3,87,-1084.7780000000002,0.5
2024-12-21,3,1.3,1.3,0.6,91,-1136.8300000000002,0.5
2024-12-21,4,1.5,0.0,3.0,93,-1144.28,0.5
2024-12-21,5,1.9,0.0,1.5,93,-1107.128,0.5
2024-12-21,6,1.4,0.7,3.4,94,-1166.4820000000002,0.5
2024-12-21,7,1.0,0.0,3.5,94,-1204.0300000000002,0.5
2024-12-21,8,0.7,0.0,2.0,91,-1191.3700000000001,0.5
2024-12-21,9,0.5,0.9,2.8,89,-1181.94,0.5
2024-12-21,10,0.7,0.0,4.0,85,-1109.728,0.5
2024-12-21,11,0.5,0.0,3.8,77,-1016.28,0.5
2024-12-21,12,0.6,0.0,3.5,71,-926.34,0.5
2024-12-21,13,0.4,0.0,3.9,69,-912.7520000000002,0.5
2024-12-21,14,0.1,0.0,4.6,65,-876.6840000000001,0.5
2024-12-21,15,0.1,0.0,2.9,68,-919.2870000000001,0.5
2024-12-21,16,-0.2,0.0,2.5,67,-925.2280000000001,0.5
2024-12-21,17,-0.7,0.0,2.2,67,-958.7980000000001,0.5
2024-12-21,18,-1.4,0.0,2.8,67,-1005.796,0.5
2024-12-21,19,-2.1,0.0,3.1,65,-1020.0360000000001,0.5
2024-12-21,20,-2.6,0.0,4.4,62,-1001.9940000000001,0.5
2024-12-21,21,-3.3,0.0,2.9,57,-957.6920000000001,0.5
2024-12-21,22,-3.8,0.0,2.4,58,-1004.374,0.5
2024-12-21,23,-4.2,0.0,2.4,56,-990.7500000000001,0.5
2024-12-22,0,-4.7,0.0,1.9,56,-1018.8750000000002,1.4
2024-12-22,1,-5.3,0.0,2.4,57,-1072.172,1.4
2024-12-22,2,-5.5,0.0,2.6,56,-1063.8750000000002,1.4
2024-12-22,3,-6.1,0.0,2.1,59,-1158.6420000000003,1.4
2024-12-22,4,-6.5,0.0,2.0,59,-1182.3300000000002,1.4
2024-12-22,5,-6.9,0.0,1.3,58,-1184.8870000000002,1.4
2024-12-22,6,-7.3,0.0,0.8,58,-1208.179,1.4
2024-12-22,7,-7.3,0.0,2.3,59,-1229.7060000000001,1.4
2024-12-22,8,-7.6,0.0,0.6,60,-1269.2960000000003,1.4
2024-12-22,9,-6.6,0.0,2.0,57,-1146.584,1.4
2024-12-22,10,-4.7,0.0,0.8,54,-980.9690000000002,1.4
2024-12-22,11,-3.0,0.0,2.4,47,-767.8199999999999,1.4
2024-12-22,12,-1.6,0.0,3.5,42,-622.124,1.4
2024-12-22,13,-0.4,0.0,4.2,40,-541.864,1.4
2024-12-22,14,0.2,0.0,3.2,39,-503.5160000000001,1.4
2024-12-22,15,0.5,0.0,3.0,40,-505.4950000000001,1.4
2024-12-22,16,0.9,0.0,3.7,40,-489.331,1.4
2024-12-22,17,0.0,0.0,3.0,43,-568.6,1.4
2024-12-22,18,-0.9,0.0,2.0,49,-698.7880000000001,1.4
2024-12-22,19,-1.5,0.0,1.4,53,-791.5200000000001,1.4
2024-12-22,20,-1.6,0.0,2.0,55,-828.6160000000001,1.4
2024-12-22,21,-1.7,0.0,1.8,56,-850.125,1.4
2024-12-22,22,-2.3,0.0,0.8,56,-883.8750000000001,1.4
2024-12-22,23,-2.8,0.0,0.6,59,-963.216,1.4
2024-12-23,0,-3.2,0.0,0.7,62,-1039.3080000000002,0.7
2024-12-23,1,-3.7,0.0,1.3,65,-1124.2920000000001,0.7
2024-12-23,2,-3.7,0.0,1.2,66,-1142.2549999999999,0.7
2024-12-23,3,-4.2,0.0,0.7,69,-1230.7040000000002,0.7
2024-12-23,4,-4.4,0.0,1.0,67,-1207.2160000000003,0.7
2024-12-23,5,-4.2,0.0,0.7,66,-1175.33,0.7
2024-12-23,6,-4.5,0.0,1.6,69,-1251.44,0.7
2024-12-23,7,-4.9,0.0,2.3,72,-1336.5410000000002,0.7
2024-12-23,8,-4.2,0.0,2.1,75,-1341.4520000000002,0.7
2024-12-23,9,-3.2,0.0,2.3,71,-1196.52,0.7
2024-12-23,10,-1.8,0.0,2.8,67,-1032.6520000000003,0.7
2024-12-23,11,0.8,0.0,1.5,57,-723.008,0.7
2024-12-23,12,3.8,0.0,1.6,54,-519.674,0.7
2024-12-23,13,5.4,0.0,2.2,51,-405.9800000000001,0.7
2024-12-23,14,5.7,0.0,3.5,42,-312.677,0.7
2024-12-23,15,6.6,0.0,3.3,42,-274.526,0.7
2024-12-23,16,6.5,0.0,2.5,47,-318.09,0.7
2024-12-23,17,5.1,0.0,2.8,48,-393.617,0.7
2024-12-23,18,3.7,0.0,3.1,59,-578.2860000000001,0.7
2024-12-23,19,2.9,0.0,3.2,57,-602.8040000000001,0.7
2024-12-23,20,2.0,0.0,2.6,58,-666.64,0.7
2024-12-23,21,1.5,0.0,2.8,53,-631.6800000000001,0.7
2024-12-23,22,0.7,0.0,3.0,47,-592.662,0.7
2024-12-23,23,-0.1,0.0,3.2,48,-644.933,0.7
